{
  "ABIRoot": {
    "kind": "Root",
    "name": "ZLynkSDK",
    "printedName": "ZLynkSDK",
    "children": [
      {
        "kind": "TypeDecl",
        "name": "ZStreamingManager",
        "printedName": "ZStreamingManager",
        "children": [
          {
            "kind": "Constructor",
            "name": "init",
            "printedName": "init()",
            "children": [
              {
                "kind": "TypeNominal",
                "name": "ZStreamingManager",
                "printedName": "ZLynkSDK.ZStreamingManager",
                "usr": "s:8ZLynkSDK17ZStreamingManagerC"
              }
            ],
            "declKind": "Constructor",
            "usr": "s:8ZLynkSDK17ZStreamingManagerCACycfc",
            "mangledName": "$s8ZLynkSDK17ZStreamingManagerCACycfc",
            "moduleName": "ZLynkSDK",
            "declAttributes": [
              "AccessControl"
            ],
            "init_kind": "Designated"
          },
          {
            "kind": "Function",
            "name": "stream",
            "printedName": "stream()",
            "children": [
              {
                "kind": "TypeNominal",
                "name": "Void",
                "printedName": "()"
              }
            ],
            "declKind": "Func",
            "usr": "s:8ZLynkSDK17ZStreamingManagerC6streamyyF",
            "mangledName": "$s8ZLynkSDK17ZStreamingManagerC6streamyyF",
            "moduleName": "ZLynkSDK",
            "declAttributes": [
              "AccessControl"
            ],
            "funcSelfKind": "NonMutating"
          }
        ],
        "declKind": "Class",
        "usr": "s:8ZLynkSDK17ZStreamingManagerC",
        "mangledName": "$s8ZLynkSDK17ZStreamingManagerC",
        "moduleName": "ZLynkSDK",
        "declAttributes": [
          "AccessControl",
          "RawDocComment"
        ],
        "conformances": [
          {
            "kind": "Conformance",
            "name": "Copyable",
            "printedName": "Copyable",
            "usr": "s:s8CopyableP",
            "mangledName": "$ss8CopyableP"
          },
          {
            "kind": "Conformance",
            "name": "Escapable",
            "printedName": "Escapable",
            "usr": "s:s9EscapableP",
            "mangledName": "$ss9EscapableP"
          }
        ]
      }
    ],
    "json_format_version": 8
  },
  "ConstValues": []
}